{"id":0,"name":"Lista de Proveedores","items":[{"type":"proveedor","id":1,"name":"Alfonso","saldo":0.0,"estado":null,"type":"Proveedor","items":[{"type":"compra","id":10000,"name":"compra-A","saldo":0.0,"estado":null,"type":"uia.com.api.ContabilidadUIA.modelo.clientes.Compra","items":[{"type":"cuenta","id":10001,"name":"cuenta-1","fecha":"2019-06-14","estado":null,"type":"Cuenta","items":[{"type":"requisicion","id":1000,"name":"Req-Cheques","saldo":0.0,"estado":null,"type":"Requisicion","items":[{"type":"cheque","id":1,"name":"ChequesX","estado":"devuelto","fecha":null,"type":"Cheque","items":null}]},{"type":"requisicion","id":1001,"name":"Req-Credito","saldo":0.0,"estado":null,"type":"Requisicion","items":[{"type":"cheque","id":4,"name":"TarjetaY","estado":"sin registro","fecha":null,"type":"Cheque","items":null}]}]},{"type":"cuenta","id":1002,"name":"Cuenta-2","fecha":"2019-06-14","estado":null,"type":"Cuenta","items":[{"type":"requisicion","id":1000,"name":"Req-Cheques","saldo":0.0,"estado":null,"type":"Requisicion","items":[{"type":"cheque","id":1,"name":"ChequesX","estado":"devuelto","fecha":null,"type":"Cheque","items":null}]},{"type":"requisicion","id":1001,"name":"Req-Credito","saldo":0.0,"estado":null,"type":"Requisicion","items":[{"type":"cheque","id":4,"name":"TarjetaY","estado":"sin registro","fecha":null,"type":"Cheque","items":null}]}]}]}]},{"type":"proveedor","id":2,"name":"Alfredo","saldo":0.0,"estado":null,"type":"Proveedor","items":[{"type":"compra","id":2000,"name":"compra-C","saldo":0.0,"estado":null,"type":"uia.com.api.ContabilidadUIA.modelo.clientes.Compra","items":[{"type":"cuenta","id":20001,"name":"cuenta-10","fecha":"2019-06-14","estado":null,"type":"Cuenta","items":[{"type":"requisicion","id":1000,"name":"Req-Cheques","saldo":0.0,"estado":null,"type":"Requisicion","items":[{"type":"cheque","id":1,"name":"ChequesZ","estado":"sin registro","fecha":null,"type":"Cheque","items":null},{"type":"cheque","id":2,"name":"ChequesW","estado":"sin registro","fecha":null,"type":"Cheque","items":null},{"type":"cheque","id":3,"name":"ChequesV","estado":"sin registro","fecha":null,"type":"Cheque","items":null}]},{"type":"requisicion","id":1001,"name":"Req-Credito","saldo":0.0,"estado":null,"type":"Requisicion","items":[{"type":"cheque","id":4,"name":"Tarjeta","estado":"sin registro","fecha":null,"type":"Cheque","items":null},{"type":"cheque","id":2,"name":"Hipoteca","estado":"sin registro","fecha":null,"type":"Cheque","items":null}]}]}]}]},{"type":"proveedor","id":3,"name":"Alex","saldo":0.0,"estado":"nuevo","type":"Proveedor","items":null},{"type":"proveedor","id":4,"name":"ANa","saldo":0.0,"estado":"nuevo","type":"Proveedor","items":null},{"type":"proveedor","id":7,"name":"Rocio","saldo":0.0,"estado":"nuevo","type":"Proveedor","items":null},{"type":"proveedor","id":99,"name":"Ernie","saldo":0.0,"estado":"nuevo","type":"Proveedor","items":null},{"type":"proveedor","id":199,"name":"Adolfo","saldo":0.0,"estado":"nuevo","type":"Proveedor","items":null}]}